{"playerData":{"playerStats":[100.0,1998.0,97.0],"playerPositionAndRotation":[47.012733459472659,3.6920642852783205,115.09744262695313,0.017494408413767816,0.9197267889976502,-0.041257359087467197],"inventortContent":["Stick","Stone","Stone","Stick"]}}