{"playerData":{"playerStats":[100.0,1996.0,95.0],"playerPositionAndRotation":[17.057817459106447,1.9799996614456177,57.6198616027832,0.03783203288912773,0.9621608853340149,-0.1889190673828125],"inventortContent":["Stick","Stick","Stick","Stick"],"quickSlotContent":["Axe"]},"enviromentData":{"pickedupItems":["Wood Stick003","Wood Stick007","Wood Stick002","Stone_01 (5)","Wood Stick004","Stone_01 (2)","Stone_01 (4)","Wood Stick006","Wood Stick0015","Wood Stick001"]}}